in,out
Москва,г. Москва
Московская область,Московская область
Владимирская область,Владимирская область
Ростовская область,Ростовская область
Пермский край,Пермский край
Воронежская область,Воронежская область
Алтайский край,Алтайский край
Ханты-Мансийский АО - Югра,"в том числе, Ханты-Мансийский автономный округ - Югра"
Волгоградская область,Волгоградская область
Новосибирская область,Новосибирская область
Республика Татарстан,Республика Татарстан
Санкт-Петербург,г. Санкт-Петербург
Свердловская область,Свердловская область
Самарская область,Самарская область
Красноярский край,Красноярский край
Кировская область,Кировская область
Краснодарский край,Краснодарский край
Ленинградская область,Ленинградская область
Ставропольский край,Ставропольский край
Белгородская область,Белгородская область
Оренбургская область,Оренбургская область
Тульская область,Тульская область
Ульяновская область,Ульяновская область
Республика Башкортостан,Республика Башкортостан
Кемеровская область,Кемеровская область
Забайкальский край,Забайкальский край
Калужская область,Калужская область
Нижегородская область,Нижегородская область
Орловская область,Орловская область
Ярославская область,Ярославская область
Сахалинская область,Сахалинская область
Смоленская область,Смоленская область
Омская область,Омская область
Амурская область,Амурская область
Липецкая область,Липецкая область
Республика Бурятия,Республика Бурятия
Челябинская область,Челябинская область
Рязанская область,Рязанская область
Тверская область,Тверская область
Чувашская Республика,Чувашская Республика
Удмуртская Республика,Удмуртская Республика
Республика Мордовия,Республика Мордовия
Республика Коми,Республика Коми
Тюменская область,Тюменская область
Камчатский край,Камчатский край
Приморский край,Приморский край
Хабаровский край,Хабаровский край
Ивановская область,Ивановская область
Калининградская область,Калининградская область
Магаданская область,Магаданская область
Иркутская область,Иркутская область
Саратовская область,Саратовская область
Республика Дагестан,Республика Дагестан
Пензенская область,Пензенская область
Республика Адыгея,Республика Адыгея
Мурманская область,Мурманская область
Республика Крым,Республика Крым
Томская область,Томская область
Костромская область,Костромская область
Курская область,Курская область
Астраханская область,Астраханская область
Архангельская область,Архангельская область
Псковская область,Псковская область
Республика Саха (Якутия),Республика Саха (Якутия)
Вологодская область,Вологодская область
Курганская область,Курганская область
Ямало-Ненецкий АО,Ямало-Ненецкий автономный округ
Брянская область,Брянская область
Новгородская область,Новгородская область
Тамбовская область,Тамбовская область
Республика Тыва,Республика Тыва
Республика Карелия,Республика Карелия
Республика Хакасия,Республика Хакасия
Республика Марий Эл,Республика Марий Эл
Республика Алтай,Республика Алтай
Чеченская республика,Чеченская Республика
Еврейская АО,Еврейская автономная область
Республика Северная Осетия-Алания,Республика Северная Осетия - Алания
Карачаево-Черкесская Республика,Карачаево-Черкесская Республика
Республика Калмыкия,Республика Калмыкия
Кабардино-Балкарская республика,Кабардино-Балкарская Республика
Чукотский АО,Чукотский автономный округ
Ненецкий АО,в том числе Ненецкий автономный округ
Республика Ингушетия,Республика Ингушетия
